<?xml version='1.0' encoding='UTF-8'?>
<testResults version='1.0'>
<httpSample t='11774'  s='true' lb='1 - Scenario Outline: As a user , I can login to the application @Smoke @Login @demo'>
<sample></sample>
<responseData class='java.lang.String'>Passed. No issues observed during execution.</responseData>
</httpSample>
<httpSample t='17753'  s='true' lb='2 - Scenario Outline: As a user , I can login and logout from the application @Smoke @Login @demo'>
<sample></sample>
<responseData class='java.lang.String'>Passed. No issues observed during execution.</responseData>
</httpSample>
<httpSample t='12616'  s='true' lb='3 - Scenario Outline: As a invalid user , while login I can see the error message for Invalid UserID and Valid Password @Smoke @Login @demo'>
<sample></sample>
<responseData class='java.lang.String'>Passed. No issues observed during execution.</responseData>
</httpSample>
</testResults>